Keyword,Keyword Monthly Clicks,Keyword Monthly Sales,Keyword Conversion,Top ASIN,Top ASIN Monthly Clicks,Top ASIN Monthly Sales,Top ASIN Conversion,DSTR
halloween shirts for men,21600,4121,19.10%,B07YQMRGSV,802,116,14.50%,2
mens halloween shirt,13355,3013,22.60%,B0CBCX9TK4,614,60,9.80%,1
halloween tshirt,8179,1208,14.80%,B07PQZJ64X,230,32,13.90%,0
halloween t shirts,4633,654,14.10%,B0CHC8WHWL,125,15,12.00%,1
halloween t shirt,4519,650,14.40%,B07GNXQ2KQ,123,12,9.80%,1
halloween tshirt men,3376,717,21.20%,B07PQZJ64X,142,32,22.50%,1
halloween shirt men,3335,703,21.10%,B07PQZJ64X,111,25,22.50%,1
halloween t shirts for men,3170,668,21.10%,B07PQZJ64X,101,23,22.80%,0
men halloween shirt,2378,492,20.70%,B07YQMRGSV,147,20,13.60%,1
mens halloween shirts,1793,409,22.80%,B07YQMRGSV,93,21,22.60%,1
godzilla shirt,1740,171,9.80%,B0CZ7G74N1,142,15,10.60%,3
anime shirts,1528,86,5.60%,B0CQD1V554,57,4,7.00%,1
halloween shirts men,1502,281,18.70%,B07YQMRGSV,67,11,16.40%,0
halloween mens shirt,1468,298,20.30%,B07YQMRGSV,54,14,25.90%,1
funny halloween shirts for men,1424,256,18.00%,B0CH9QQ881,75,6,8.00%,1
halloween shirt for men,1403,326,23.20%,B07PQZJ64X,56,18,32.10%,1
halloween tee shirts,1257,200,15.90%,B0CHC8WHWL,42,8,19.00%,1
halloween t-shirts,1091,164,15.00%,B08HP36JL2,34,3,8.80%,1
mens halloween,1082,98,9.00%,B0CBCX9TK4,57,3,5.30%,1
halloween t-shirt,1019,108,10.60%,B07YWYMCZR,37,3,8.10%,0
halloween tees,936,90,9.60%,B07GNXQ2KQ,25,2,8.00%,0
anime t shirts,864,64,7.40%,B0DFH6N4SC,44,5,11.40%,1
halloween man,785,73,9.30%,B07NPQ2MSZ,299,29,9.70%,1
japanese shirts for men,583,48,8.20%,B0CPR21WGM,24,3,12.50%,1
japanese shirt,564,37,6.60%,B0DFH6N4SC,28,2,7.10%,1
godzilla t shirt,556,74,13.20%,B0CZ7G74N1,42,4,9.50%,1
halloween clothes for men,459,26,5.70%,B08HP36JL2,15,2,13.30%,0
halloween tshirts men,459,102,22.10%,B0CBCX9TK4,28,4,14.30%,1
japanese clothes for men,423,8,1.90%,B07QG6ZZRK,15,1,6.70%,1
anime t shirts for men,421,42,10.00%,B0DFH6N4SC,21,4,19.00%,1
godzilla shirt boys,404,67,16.50%,B0D281T7BL,51,12,23.50%,1
godzilla shirts for men,373,51,13.60%,B0D8KZMDVJ,30,6,20.00%,1
japanese shirts,369,20,5.30%,B08D7DXT31,18,1,5.60%,1
men's halloween shirts,345,71,20.60%,B0CBCX9TK4,16,2,12.50%,1
anime t shirt,277,27,9.60%,B09L8NHDSD,12,3,25.00%,1
halloween tee shirt,271,48,17.60%,B07PQZJ64X,13,4,30.80%,0
cheap trick t shirt,253,36,14.20%,B0764KWM6Y,77,4,5.20%,1
anime graphic tees men,222,9,4.10%,B09F4R8CKW,11,1,9.10%,1
japanese t shirts for men,193,23,11.90%,B0CBQH4PRY,9,2,22.20%,1
godzilla birthday shirt,184,36,19.30%,B0D6B3VW8Y,43,14,32.60%,1
mens halloween t shirts,183,51,27.60%,B07GNYFPWW,10,6,60.00%,1
japanese mens clothing,172,2,1.20%,B072VLPF2B,10,1,10.00%,0
kids godzilla shirt,170,30,17.70%,B0D281T7BL,19,6,31.60%,1
anime graphic tees,164,1,0.30%,B0BDS3RKLW,16,0,0.00%,1
anime tshirts shirts for men,154,17,10.70%,B0DFH6N4SC,9,1,11.10%,0
godzilla tshirt,151,26,17.20%,B0D281T7BL,12,1,8.30%,1
godzilla t shirts for men,150,21,13.70%,B0D281T7BL,22,4,18.20%,1
japanese t shirt,145,15,10.00%,B0CCSYQD55,7,2,28.60%,1
japanese shirts for women,137,7,4.80%,B07FSWQC28,16,1,6.30%,1
godzilla shirts,129,17,12.80%,B0D281T7BL,6,2,33.30%,1
mens anime shirts,110,8,7.30%,B0CVHFHQ8Y,4,1,25.00%,1
godzilla shirt kids,107,13,11.70%,B0D63DMV19,8,1,12.50%,1
godzilla kids shirt,104,16,15.40%,B0C6NSJ12X,14,2,14.30%,1
mens anime t shirts,103,17,16.10%,B0DFH6N4SC,15,2,13.30%,1
godzilla minus one shirt,102,11,10.30%,B0CZ7G74N1,22,2,9.10%,1
japanese tshirt men,95,12,12.70%,B0CRPSYSN5,3,1,33.30%,1
japanese graphic tee,89,1,1.10%,B08D7DXT31,13,1,7.70%,0
godzilla tshirts men,82,12,14.60%,B0D8PMFTYZ,8,3,37.50%,1
halloween tee shirts for men,63,28,44.40%,B0DFVBDLKN,4,1,25.00%,1
godzilla clothes,60,1,1.70%,B091399SNF,3,0,0.00%,1
japanese graphic tees for men,53,3,5.70%,B0BKR6DBH4,8,1,12.50%,1
godzilla tshirts boys,45,13,29.20%,B0D8SZBBV5,10,2,20.00%,0
boys godzilla shirt,41,10,24.40%,B0D281T7BL,8,2,25.00%,1
mens japanese shirt,27,0,0.00%,B0D6KK364J,3,0,0.00%,1
japanese tshirt,26,0,0.00%,B0CCSYQD55,7,0,0.00%,1
anime tshirt for men,18,0,0.00%,B07TZL558B,2,0,0.00%,1
godzilla gifts for men,15,4,24.10%,B08WJWV7LQ,3,1,33.30%,0
japanese tshirts,14,1,7.10%,B07K6K8RTJ,3,1,33.30%,0
anime graphic tee,0,0,0.00%,,0,0,0.00%,0
anime tees,0,0,0.00%,,0,0,0.00%,0
anime t-shirts,0,0,0.00%,,0,0,0.00%,1
anime tshirts for men,0,0,0.00%,,0,0,0.00%,0
godzilla button up shirt,0,0,0.00%,,0,0,0.00%,0
godzilla hawaiian shirt,0,0,0.00%,,0,0,0.00%,1
godzilla hawaiian shirts for men,0,0,0.00%,,0,0,0.00%,0
godzilla shirt men,0,0,0.00%,,0,0,0.00%,0
graphic anime shirts,0,0,0.00%,,0,0,0.00%,0
graphic tees anime,0,0,0.00%,,0,0,0.00%,0
graphic tees men anime,0,0,0.00%,,0,0,0.00%,0
japanese art clothing,0,0,0.00%,,0,0,0.00%,1
japanese art shirt,0,0,0.00%,,0,0,0.00%,0
japanese art shirts for men,0,0,0.00%,,0,0,0.00%,1
japanese cat shirt,0,0,0.00%,,0,0,0.00%,1
japanese cat tshirt,0,0,0.00%,,0,0,0.00%,0
japanese mens shirt,0,0,0.00%,,0,0,0.00%,1
japanese print shirts for men,0,0,0.00%,,0,0,0.00%,0
japanese shirt men,0,0,0.00%,,0,0,0.00%,0
japanese tees,0,0,0.00%,,0,0,0.00%,1
japanese t shirts,0,0,0.00%,,0,0,0.00%,0
japanese t shirts for women,0,0,0.00%,,0,0,0.00%,0
japanese tshirts women,0,0,0.00%,,0,0,0.00%,1
japan shirts for men,0,0,0.00%,,0,0,0.00%,1
men graphic tees anime,0,0,0.00%,,0,0,0.00%,1
mens anime graphic t-shirts,0,0,0.00%,,0,0,0.00%,1
mens japanese art shirts,0,0,0.00%,,0,0,0.00%,0
mens japanese graphic t-shirts,0,0,0.00%,,0,0,0.00%,0
shin godzilla shirt,0,0,0.00%,,0,0,0.00%,1
vintage anime shirts for men,0,0,0.00%,,0,0,0.00%,0