"","Search Terms","SV","Relev.","Sugg. bid & range","B0C9589Q6M","B0DFH6N4SC","B0DHXLR5BN","B0CPR21WGM","B0CYJK9JM3","B0CZRSVZNC","B0DPTPQ1CG","B0F5HTWVSM","B0CCSYQD55","B07VCGHS82","B07QVRJ55V","B09YYWJ84V","B09L8NHDSD","B0CLYTSYKQ","B0DJNZ5H1R","B0DPQV94ZT","B0DJFQ4S1M","B0D1V1723X","B0F3D94X39","B0D2FPFHCS","B0CYQDDY6H","B0DS3PQSSH","B0C1W6YLD4","B09HY118FQ","B07KWTYB48","B0DP9LVS69","B0CBQK2WD9","B08Y8HXMYJ","B07W51CMG9","B0DJTKGYS9"
"","japanese tshirt","786","0.03111111111111111","","33","2","1","7","29","16","28","27","6","8","19","3","12","34","10","31","30","35","23","11","25","14","15","38","17","59","5","54","43","32"
"","japanese t shirt","1476","0.030000000000000002","","26","1","2","4","34","13","9","12","6","16","21","3","30","80","18","32","25","35","24","17","27","19","14","46","11","37","8","36","50","28"
"","japanese tshirts","250","0.030000000000000002","","","3","2","6","29","16","14","13","7","18","20","4","24","35","10","31","26","37","11","15","21","12","9","38","23","","8","","45","33"
"","japanese t shirts","250","0.02888888888888889","","43","6","1","22","26","8","17","15","4","9","27","2","25","","20","47","39","29","21","13","11","14","19","36","12","62","7","33","","45"
"","japanese tshirt men","1118","0.02777777777777778","","27","2","4","9","33","5","3","14","10","22","37","1","40","47","25","15","53","","17","6","21","42","23","77","16","45","12","65","30","7"
"","japanese t shirts for men","2375","0.024444444444444442","","27","17","7","15","","1","18","23","21","3","29","2","46","","26","16","","90","8","4","22","34","20","63","6","","5","43","76","19"
"","japanese tees","1165","0.02333333333333333","","","1","2","5","34","","10","26","11","","4","14","20","30","16","48","39","141","21","15","69","25","35","61","","33","9","","7","27"
"","japanese shirt","5334","0.021111111111111112","","","16","1","17","93","","21","13","12","37","55","2","10","","31","45","44","","41","11","20","30","14","74","29","69","9","","95","67"
"","japanese shirt men","250","0.021111111111111112","","45","8","7","23","","11","35","29","27","","12","10","25","56","6","39","82","101","78","1","30","62","38","73","28","96","15","","108","20"
"","mens japanese shirt","250","0.021111111111111112","","44","22","8","26","","6","40","1","33","46","34","3","19","","20","35","","","","5","37","","31","","25","","17","","","14"
"","japanese shirts for men","6637","0.02","","24","13","8","17","","6","37","10","46","23","29","4","39","75","9","60","88","","63","12","35","61","34","69","30","72","18","","119","27"
"","japanese shirts","3316","0.02","","","5","1","4","76","","13","34","19","31","123","2","11","","26","44","47","74","36","7","23","40","12","78","28","58","14","","94","56"
"","japanese mens shirt","1807","0.02","","31","11","10","9","49","6","35","30","27","28","24","4","34","47","5","46","67","78","69","7","36","59","52","74","26","83","39","","108","38"
"","japanese graphic tees for men","948","0.01888888888888889","","4","1","3","14","42","17","10","16","25","59","2","60","40","38","31","","","","57","7","114","20","","94","71","68","33","","123","36"
"","mens japanese graphic t-shirts","250","0.01888888888888889","","","1","2","5","14","3","4","21","12","22","","10","","29","33","17","","","13","6","","27","","","30","","","","",""
"","japanese graphic tee","1469","0.017777777777777778","","","5","1","12","19","20","9","28","10","89","25","","4","18","36","","","","48","8","41","49","","44","63","77","17","","78","99"
"","japanese tshirts women","250","0.015555555555555555","","","2","1","6","32","","","","35","","36","","15","","5","","","","","","3","38","4","37","","","19","","21",""
"","anime graphic tee","250","0.014444444444444446","","","2","11","","26","29","39","3","41","31","5","","1","","12","","","","","9","75","","","18","","89","","111","85",""
"","japanese print shirts for men","250","0.014444444444444446","","","","43","30","9","21","35","","14","","","","","","34","","","","","6","","4","16","","39","8","","","","24"
"","japanese art shirt","250","0.014444444444444446","","","","","2","8","","10","16","3","","","","","","11","40","15","","","9","","35","","","5","7","","","","43"
"","men graphic tees anime","4417","0.013333333333333334","","58","2","3","","39","12","7","4","79","14","18","","20","","29","","","","","16","94","83","","111","","34","","","",""
"","graphic tees anime","1869","0.013333333333333334","","","1","2","51","5","","35","7","27","33","23","","3","","28","","","","","6","90","95","","36","","73","","","82",""
"","anime graphic tees","1746","0.013333333333333334","","","2","4","29","18","","13","8","53","31","7","","1","","14","","","","","27","74","","","39","","79","","66","122",""
"","anime graphic tees men","1630","0.013333333333333334","","121","1","12","","43","4","15","3","72","22","17","","26","106","38","","","","","23","90","94","","104","","30","","","139",""
"","graphic tees men anime","250","0.013333333333333334","","82","1","3","51","13","11","5","9","70","14","20","","16","","35","","","","","18","90","","","95","","37","","","",""
"","anime tees","250","0.013333333333333334","","","2","1","42","24","","25","6","","","15","","5","","20","","","","","41","34","","","","","","","16","",""
"","japanese t shirts for women","250","0.013333333333333334","","","3","1","15","58","","","","29","","54","","14","85","4","","61","","53","47","9","44","2","52","34","70","27","93","12",""
"","anime t shirt","1827","0.012222222222222221","","","1","2","37","38","","56","6","","35","10","","13","","19","","133","","","115","24","","","82","","86","","23","129",""
"","japanese shirts for women","1796","0.012222222222222221","","","5","2","17","79","","","","43","","","","31","","15","","","","92","24","29","86","4","19","60","141","38","","69","94"
"","mens anime graphic t-shirts","1703","0.012222222222222221","","","1","2","12","21","","14","5","","16","32","","31","","17","","","","","48","42","","","","","","","","",""
"","japanese art clothing","1043","0.012222222222222221","","","","26","1","2","","6","23","4","","","","","","14","","15","","","3","","39","","","","21","","","",""
"","mens japanese art shirts","981","0.012222222222222221","","","","31","5","38","","3","14","25","","","","","","6","44","","","","7","","","","","12","10","","","",""
"","anime tshirts for men","250","0.012222222222222221","","","2","5","44","35","","26","6","","12","8","","23","","24","","","","","","13","","","","","","","","",""
"","japanese cat tshirt","250","0.012222222222222221","","","6","1","2","10","","","","","","","","","7","3","","5","","","","","28","","","","8","","23","11",""
"","japanese art shirts for men","3742","0.01111111111111111","","","","45","6","29","","3","17","14","","","","","","4","51","47","","","35","","76","","","23","16","97","","","71"
"","anime t shirts for men","2915","0.01111111111111111","","41","1","15","","73","140","27","4","99","23","13","","25","","28","","119","","","47","9","118","","91","","75","","98","",""
"","anime tshirt for men","1926","0.01111111111111111","","32","1","2","75","46","","29","8","67","30","17","","13","","18","","","","","63","14","69","","","","80","","","",""
"","japanese mens clothing","1497","0.01111111111111111","","","5","21","27","44","","13","42","","","","","39","","","47","","","","10","43","","","","","","36","","",""
"","japanese cat shirt","1201","0.01111111111111111","","","2","1","3","9","","","","","","","","","12","6","","8","","","","","10","","","","22","","","15",""
"","anime t-shirts","898","0.01111111111111111","","","2","4","38","47","","","10","","36","11","","14","","24","","","","","","22","","","","","","","7","",""
"","mens anime shirts","250","0.01111111111111111","","26","1","16","76","38","83","","10","107","21","5","","8","","39","","","","","70","13","116","","135","","","","","",""
"","anime shirts","11508","0.01","","","1","3","46","42","","","14","","26","12","","4","","73","","","","","94","19","","","131","","","","13","",""
"","anime t shirts","7926","0.01","","","1","2","","","","","12","","34","13","","8","","24","","","","","98","22","","","80","","95","","19","",""
"","japanese clothes for men","2768","0.01","","","9","13","14","44","","","34","38","","","","11","","","","","","","","19","","46","","","","16","","",""
"","mens anime t shirts","1526","0.01","","","1","18","95","84","79","32","14","89","24","5","","16","","31","","","","","","13","","","109","","82","","55","",""
"","anime tshirts shirts for men","250","0.01","","100","2","18","67","48","","41","20","122","","10","","19","","14","","","","","47","7","","","","","53","","29","123","135"
"","graphic anime shirts","250","0.01","","","2","4","80","23","","20","1","18","","29","","6","","8","","","","","63","","","","84","","56","","100","",""
"","japan shirts for men","250","0.01","","","","","22","37","19","25","","","","","43","","","","9","","","","15","","45","17","","","","","","",""
"","vintage anime shirts for men","250","0.01","","","42","47","","8","","26","4","","20","","","11","","6","","","","","","45","","","","","27","","","",""