"","Search Terms","SV","Relev.","Sugg. bid & range","B09ZKBZQT5","B0CPR21WGM","B0DSCNK28D","B0D8SZBBV5","B0F7ZS3B62","B0DDPM1HLZ","B0C6NSJ12X","B0F5HYG3YN","B0D1V1723X","B0F62XPJS9","B0DY1PH1GX","B08L69NWNQ","B0C4V896PF","B0F5JKS5R4","B0FC7YZ1JS","B0D63DMV19","B0DRDHLVPD","B0F5HWVZCL","B0DW8RZ7W6","B07N5YL147","B0CLF142H8","B0DX133FW3","B0DGTXTZXX","B0F2JC3WJQ","B0C9PF9PKJ","B0DGR17RBT","B0F813TVG1","B0D7DGQH9Z","B0D2PC76FN","B0C7WQQ94L"
"","godzilla tshirt","928","0.9333333333333333","","23","26","3","21","1","14","10","8","4","9","20","2","12","29","","7","37","18","24","11","19","22","34","5","41","","16","30","25","17"
"","godzilla t shirt","2749","0.9","","30","","","39","1","10","9","7","4","5","25","2","16","23","29","3","20","6","24","8","13","18","27","12","","14","22","31","28","11"
"","godzilla shirts","1407","0.9","","31","","","18","1","6","9","4","3","2","13","10","14","19","33","7","17","5","25","21","29","12","28","8","39","42","30","24","52","20"
"","godzilla t shirts for men","985","0.8666666666666667","","","31","2","","3","6","13","16","4","12","","7","14","28","30","1","19","17","10","11","22","24","20","5","","21","23","32","15","26"
"","godzilla shirt men","250","0.8666666666666667","","19","32","2","","3","4","10","27","7","20","","13","11","30","","9","26","15","6","14","33","17","29","16","","21","31","28","39","35"
"","godzilla shirt","22454","0.8333333333333334","","","27","","10","1","8","13","6","3","4","25","11","18","17","28","7","12","9","20","38","22","15","19","2","21","","47","26","45",""
"","shin godzilla shirt","3062","0.8","","","45","","28","3","38","42","19","9","34","33","25","8","16","29","12","35","39","","27","13","4","40","24","","26","10","37","",""
"","godzilla shirts for men","2934","0.8","","","22","","","1","2","11","34","4","8","","14","9","19","31","6","12","10","3","13","24","7","15","5","74","25","28","36","29",""
"","godzilla tshirts men","932","0.8","","","31","6","","1","3","14","7","5","8","","9","12","26","","4","11","18","17","10","16","19","15","","44","22","25","","20","28"
"","boys godzilla shirt","1031","0.6333333333333333","","","","2","4","14","10","5","6","17","28","1","29","","","41","11","18","13","9","25","","39","","","","","27","","22",""
"","godzilla tshirts boys","250","0.6333333333333333","","","","4","3","24","7","6","5","18","","1","31","26","","","11","37","8","12","32","40","21","","","","","20","","15",""
"","godzilla shirt boys","1660","0.6","","","","","1","14","5","3","4","15","26","2","24","34","","31","13","12","8","6","27","","","","48","","","37","","17",""
"","kids godzilla shirt","1015","0.6","","","51","","3","15","6","4","5","14","66","2","23","45","108","11","10","42","8","20","35","13","28","","114","","","50","","25",""
"","godzilla kids shirt","676","0.5666666666666667","","","51","","4","15","12","3","5","18","61","1","24","42","","11","9","72","7","21","37","25","23","","","","","","","32",""
"","godzilla minus one shirt","250","0.5666666666666667","","27","30","","28","1","24","45","63","26","","","39","10","","82","11","85","","91","13","17","2","","70","124","38","4","37","25","47"
"","godzilla shirt kids","599","0.5333333333333333","","","","1","5","9","8","2","6","18","","4","23","35","","19","12","","11","14","43","","","","","","","","","27",""
"","godzilla clothes","250","0.5","","","36","4","2","6","","12","17","18","","10","13","3","","","","","","","28","23","","","41","","","","15","","35"
"","godzilla hawaiian shirt","888","0.3333333333333333","","","","27","","14","","","37","8","","","","33","","","","","28","25","","21","22","","47","","","29","","",""
"","godzilla gifts for men","250","0.3333333333333333","","","38","34","","16","43","35","39","","42","","","23","","","","","","45","","","41","","","","","","","",""
"","godzilla birthday shirt","642","0.3","","","","19","17","26","","24","43","","41","","","42","","","","","","","","","44","","","","","34","","",""
"","godzilla button up shirt","476","0.3","","","","33","","29","","","","24","28","","","","","","","","","43","","32","40","7","47","","","","9","",""
"","godzilla hawaiian shirts for men","250","0.3","","","","21","","38","31","","","8","9","","","37","","","","","","26","","","","","22","","","","","10","47"